**Buildings_Street|**Buildings_HouseNum|**Buildings_HouseNumPart|**Table_Documents_BildNum1|**Buildings_LiteraNum|Window~Key|**Buildings_Postal_Iindex|**Table_Documents_AppartNum1|**Buildings_Corn_street|**Buildings_Corn_House|**Buildings_ConstructionNum
"Петроверигский переулок"|"4"||"1, 2, 4"||3123|||||
"Комсомольский проспект"|"16"|"/2"|"1, 2"||3377|||||
"Арбат улица"|"29"||||3378|||||
"Серебрянический переулок"|"2"|"/5/1"|"4"||3379|||||
"Шумкина улица"|"16"||"1, 8"||3380|||||
"Луганская улица"|"4"||"корп. 1"||3381|||||
"Маросейка улица"|"2"|"/15"|"1"||3382|||||
"Маросейка улица"|"9"|"/2"|||3383|||||
"Дровяной переулок"|"4"||"1"||3384|||||
"Сеченовский переулок"|"6"||"3,4"||3385|||||
"Большая Никитская улица"|"19"|"/16"|"1"||3386|||||
"Большая Никитская улица"|"57"|"/46"|"1"||3387|||||
"Большая Никитская улица"|"44"|"/15"|"2"||3388|||||
"Колодезный переулок"|"2"||||3389|||||
"Рогожский Посёлок улица"|"29"||||3390|||||
"Соймоновский проезд"|"вл. 3"||||3391|||||
"Мясницкая улица"|"7"||"8"||3392|||||
"Косыгина улица"|"4"||||3393|||||
"Таганская улица"|"15"|"а"|||3394|||||
"Театральный проезд"|"3"||"3, 4"||3395|||||
"Маросейка улица"|"9"|"/2"|"6"||3396|||||
"Перекопская улица"|"9"||||3397|||||
"Малый Ивановский переулок"|"7-9"||"1"||3398|||||
"Турчанинов переулок"|"6"||||3399|||||
"1-я Радиальная улица"|"4"||||3400|||||
"Мясницкая улица"|"24"|"/ 7"|"1, 2"||3401|||||
"Старосадский переулок"|"9"||"2-2а"||3402|||||
"Мясницкая улица"|"7"||"10"||3403|||||
"Пречистенка улица"|"32"|"/1"|"8"||3405|||||
"Кривоколенный переулок"|"4"||"1"||3406|||||
"1-ый Кадашевский переулок"|"10"||"1, 2"||3407|||||
"3-й Кадашёвский переулок"|"7-9"||"1"||3408|||||
"Электрозаводская улица"|"12"||"1"||3409|||||
"Староваганьковский переулок"|"3"|"/5"|||3410|||||
"Москва М-628 Знаменское-Садки"|||||3411|||||
"Новая Басманная улица"|"4"||"1"||3412|||||
"Брюсов переулок"|"2"|"/14"|"5"||3413|||||
"Ворошиловский парк"|"вл. 5, 8"||||3414|||||
"Милютинский переулок"|"19"|"/4"|"1"||3415|||||
"Милютинский переулок"|"19"|"/4"|"5"||3416|||||
"Большая Ордынка улица"|"43"||"1"||3417|||||
"Малая Ордынка улица"|"35"||"1"||3418|||||
"Пречистенка улица"|"1"|"/2"|||3419|||||
"753 адреса"|||||3420|||||
"Б. Коммунистическая улица (Солженицына)"|"2"|"А"|"2, 3"||3421|||||
"Сретенка улица"|"26"|"/1"|"пом.1"||3422|||||
"Б. Коммунистическая улица (Солженицына)"|"2"|"А"|"1"||3423|||||
"Моховая улица"|"11"||"8Е"||3424|||||
"Старая Басманная улица"|"18"||"1"||3425|||||
"Старая Басманная улица"|"15"|"а"|"4а"||3426|||||
"Баррикадная улица"|"2"|"/1"|"1, 18"||3427|||||
"Баррикадная улица"|"2"|"/1"|||3428|||||
"Бурденко улица"|"23"||||3429|||||
"1-ый Спасоналивковский пер."|"4"||"1"||3430|||||
"Новинский бульвар"|"11"||||3431|||||
"Манежная площадь"|"1"||||3432|||||
"Бауманская улица"|"36"||"1"||3433|||||
"Кузнецкий Мост улица"|"17"||"4"||3434|||||
"Тверской бульвар"|"26"|"/5"|||3435|||||
"Николоямская улица"|"49"||"2"||3436|||||
"Денежный переулок"|"9"|"/6"|||3437|||||
"Госпитальная площадь"|"1"|"/10"|||3438|||||
"Поварская улица"|"52"|"/55"|"3 А, В"||3439|||||
"Пятницкая улица"|"13"|"/21"|"2"||3440|||||
"Старая Басманная улица"|"15а"||"4-4а"||3441|||||
"Елизаветинский переулок"|"10"|"/2"|"3, 6, 9"||3443|||||
"Денежный переулок"|"9"|"/6"|||3444|||||
"Дубининская улица"|"51"||"4"||3445|||||
"Вспольный переулок"|"3"||"1, 2"||3448|||||
"1-й Щипковский переулок"|"26"||"1"||3449|||||
"Гастелло улица"|"44"||"1"||3450|||||
"Бахрушина улица"|"18"||"1"||3451|||||
"Архангельский переулок"|"12"|"/8"|||3452|||||
"Большая Никитская улица"|"46"|"/17"|"1"||3453|||||
"Б. Коммунистическая улица (Солженицына)"|"2А"||"1, 2, 3"||3454|||||
"Бакунинская улица"|"15"||"1"||3455|||||
"Таганская улица"|"1"|"/2"|"9"||3456|||||
"Скаковая улица"|"3"||||3457|||||
"Большая Садовая улица"|"10"||"1"||3459|||||
"Покровка улица"|"22"|"/1"|"1"||3460|||||
"Преображенский Вал улица"|"17"||"3"||3462|||||
"3-й Кадашёвский переулок"|"5"||"1"||3463|||||
"Светлогорский проезд"|"13"||||3464|||||
"Покровка улица"|"38"|"а"|"2"||3465|||||
"Б. Коммунистическая улица (Солженицына)"|"4"||"3"||3466|||||
"Рождественка улица"|"11"||||3467|||||
"Большая Ордынка улица"|"21"|"/16"|"9, 12"||3468|||||
"Никитский бульвар"|"9"||"1"||3469|||||
"Нижняя Сыромятническая улица"|"1"|"/4"|"2"||3471|||||
"Адрес не указан"|||||3472|||||
"Комсомольский проспект"|"13"||||3473|||||
"Бурденко улица"|"11"||||3474|||||
"Сергия Радонежского улица"|"5"|"/2"|"1"||3475|||||
"Гончарная улица"|"12"||"1"||3476|||||
"Никольская улица"|"15"||"1"||3477|||||
"Поварская улица"|"50"|"/53"|"1"||3478|||||
"Никольская улица"|"7-9"||"1,2,5"||3479|||||
"Адрес не указан"|||||3480|||||
"Волхонка улица"|"14"|"/1"|"3, 4, 5"||3481|||||
"Миусская площадь"|"6"||||3482|||||
"Пятницкая улица"|"1"|"/2"|||3483|||||
"Новая Басманная улица"|"29"||"1"||3484|||||
"Воронцовская улица"|"7"||"1,2"||3485|||||
"Воронцовская улица"|"9"|"/1"|||3486|||||
"Никольская улица"|"7-9"|"стр. 6"|||3487|||||
"Лефортово"|||||3488|||||
"Калашный переулок"|"4"|"/1"|||3490|||||
"Мясницкая улица"|"7"|"/3"|"2"||3491|||||
"Козицкий переулок"|"5"||"1"||3492|||||
"Большой Знаменский пер."|"17"||||3493|||||
"Пятницкая улица"|"1"|"/2"|"1"||3494|||||
"Школьная улица"|"27"|"/1"|||3495|||||
"Бакунинская улица"|"81"|"/55"|"1,2,3,4,5,6"||3496|||||
"Симоновский суд"|||||3497|||||
"Спартаковская улица"|"13"||"1"||3498|||||
"Арбат улица"|"44"||"3"||3499|||||
"Большой Строченовский переулок"|"24"||"2"||3500|||||
"Б. Коммунистическая улица (Солженицына)"|"2"|"А"|"1,2,3"||3501|||||
"Ленинградский проспект"|"32"|"/2"|||3502|||||
"Восточная улица"|"4"|"/1"|||3503|||||
"Басманный суд"|||||3504|||||
"Пятницкая улица"|"18"||"1"||3506|||||
"Большой Патриарший переулок"|"7"|"/1"|||3507|||||
"Покровка улица"|"17"||||3508|||||
"1-ый Добрынинский пер."|"15"|"/7"|||3509|||||
"Большой Спасоглинищевский пер."|"9"|"/1"|||3510|||||
"Спасоглинищевский переулок"|"9"|"/1"|||3511|||||
"Мантулинская улица"|"5"||"11"||3513|||||
"Ленинский проспект"|"20"||||3514|||||
"Гастелло улица"|"5"||"1"||3515|||||
"Дровяной переулок"|"13"|"/7"|"1,3"||3516|||||
"Садовническая улица"|"63"||"1"||3517|||||
"Старосадский переулок"|"8"||"1"||3518|||||
"Большая Ордынка улица"|"61"||"2"||3519|||||
"Летняя улица"|"2"||"1"||3520|||||
"Михалковская улица"|"40"||||3521|||||
"Никитский бульвар"|"7"|"Б"|"1"||3522|||||
"Таганская улица"|"13"||"2,3"||3523|||||
"Сытинский переулок"|"5"|"/10"|"5"||3524|||||
"Шелапутинский переулок"|"3"||"1-5"||3525|||||
"Садовая - Кудринская улица"|"7"||||3526|||||
"Большой Спасоглинищевский переулок"|"4"|"/2"|||3527|||||
"Малая Якиманка улица"|"24"||"1-3"||3528|||||
"Большой Лёвшинский переулок"|"8"|"/1"|"1"||3529|||||
"2-й Верхний Михайловский проезд"|"2"||||3530|||||
"4-й Сыромятнический переулок"|"1"||"1"||3531|||||
"Сытинский переулок"|"5"|"/10"|||3532|||||
"Газетный переулок"|"9"||"2,5"||3533|||||
"Малый Златоустинский переулок"|"10"||"3А,Б"||3534|||||
"Голиковский переулок"|"9"||||3535|||||
"Пятницкая улица"|"6"||"1"||3536|||||
"Нижний Кисловский переулок"|"6"||"1"||3537|||||
"Большая Ордынка улица"|"45"|"/8"|"1,3"||3538|||||
"Большой  Дровяной переулок"|"13"||||3539|||||
"Потаповский переулок"|"8"|"/12"|"2"||3540|||||
"Елоховский проезд"|"5"|"/48-50"|"1"||3541|||||
"Корнейчука улица"|"24"||"1"||3542|||||
"Пятницкая улица"|"55"|"/25"|"1"||3543|||||
"Староваганьковский переулок"|"15"||||3544|||||
"Пятницкая улица"|"64"||"1"||3545|||||
"Хитровский переулок"|"3"|"/1"|"3, 2"||3546|||||
"Пречистенка улица"|"10"|"/2"|"1"||3547|||||
"Стромынка улица"|"6"||||3548|||||
"Гагаринский переулок"|"5"||"3"||3549|||||
"Пятницкая улица"|"44"||"1"||3550|||||
"Еготьевский тупик"|"4"||"1"||3551|||||
"Театральная аллея"|"1"||||3552|||||
"Большая Ордынка улица"|"34"||"1"||3553|||||
"Сретенка улица"|"24"|"/2"|"1"||3554|||||
"Большая Тульская улица"|"15"||||3556|||||
"Мясницкая улица"|"19"||"1"||3557|||||
"Волочаевская улица"|"38"||"1"||3558|||||
"Б. Коммунистическая улица (Солженицына)"|"34"||||3559|||||
"Гоголевский бульвар"|"31"||"3"||3560|||||
"Солянка улица"|"11"|"/6"|"1"||3561|||||
"Яузская улица"|"1"|"/15"|"1,2"||3562|||||
"ы"|"2"|"/7"|"1,2,4"||3564|||||
"Старопименовский переулок"|"11"|"6"|"2"||3565|||||
"Никольская улица"|"11-13"||"1"||3566|||||
"Лесная улица"|"18"||||3567|||||
"Мясницкая улица"|"7"||"1,2"||3568|||||
"Пятницкая улица"|"15"||||3569|||||
"Большая Ордынка улица"|"36"||"1"||3570|||||
"Старосадский переулок"|"5"|"/8"|"5-5а, 6"||3571|||||
"Тверской суд"|||||3572|||||
"Таганская площадь"|"88"||"1, 2"||3573|||||
"Старые Кузьминки улица"|"2, 3"||||3574|||||
"Тополевая аллея"|"6"||"1"||3575|||||
"Варварка улица"|"4"|"а"|||3576|||||
"3-ий Голутвинский переулок"|"8"|"/10"|"1"||3577|||||
"Николоямская улица"|"55"||||3578|||||
"Китайгородский проезд"|"7"||"2"||3579|||||
"Б. Коммунистическая улица (Солженицына)"|"20"||"1"||3580|||||
"Б. Коммунистическая улица (Солженицына)"|"1"|"/5"|"7"||3581|||||
"Ильинка улица"|"3"|"/8"|||3582|||||
"Пречистенка улица"|"8"|"/3"|"1"||3583|||||
"Кузнецкий Мост улица"|"11"||"1"||3584|||||
"Солянка улица"|"1"|"/2"|"1,2"||3585|||||
"Арбат улица"|"39"||||3586|||||
"Спартаковская улица"|"16"||"1"||3587|||||
"Земляной Вал улица"|"35"||"1"||3588|||||
"Ленинградское шоссе"|"51"||||3589|||||
"Гончарная улица"|"9"|"/3"|"1"||3590|||||
"Петровский бульвар"|"19"|"/2"|"1"||3591|||||
"Старая Басманная улица"|"30"|"/1"|"2"||3592|||||
"Лялин переулок"|"3"||"1,2"||3593|||||
"Кожевническая улица"|"20"||||3594|||||
"Гранатный переулок"|"4"||"1"||3595|||||
"Кожевническая улица"|"21"||"1"||3596|||||
"Колпачный переулок"|"6"||"2, 3"||3597|||||
"Новая Басманная улица"|"23а"||"2"||3598|||||
"Николоямская улица"|"51"||"2"||3599|||||
"Солянка улица"|"15"|"/18-16"|"4"||3600|||||
"Архангельский переулок"|"10"||"2"||3601|||||
"Кожевническая улица"|"19"||"6"||3602|||||
"Елоховский проезд"|"3"||"1"||3603|||||
"Гончарная улица"|"16"||"1"||3604|||||
"Новинский бульвар"|"17"||||3605|||||
"Старая Басманная улица"|"20"|"  к. 8"|"2"||3606|||||
"Гончарная улица"|"14"||||3607|||||
"Пречистенка улица"|"37"||"1, 2"||3608|||||
"Климентовский переулок"|"1"||||3609|||||
"Михалковская улица"|"38"||"1, 2, 3, 4"||3610|||||
"Карамышевская набережная"|"13"||||3611|||||
"Воронцово Поле улица"|"6"||"13"||3612|||||
"Летняя улица"|"6"||"1"||3613|||||
"Поварская улица"|"8"|"/1"|"2"||3614|||||
"Никольская улица"|"4"|"/5"|||3615|||||
"Маршала Бирюзова улица"|"21"||||3616|||||
"Кадашевская набережная"|"10"||"1"||3617|||||
"1-ы Краснокурсантский проезд"|"7"||"1"||3618|||||
"Восточная улица"|"6"||||3619|||||
"Новинский бульвар"|"25"||"1"||3620|||||
"Сокольнический вал"|"1"||||3621|||||
"Оружейный переулок"|"3"||"1"||3622|||||
"Малый Трёхсвятительский переулок"|"3"||||3623|||||
"Тверской бульвар"|"14"||"5"||3624|||||
"Воронцовский парк"|"2"||"1"||3625|||||
"Тверская улица"|"17"||"1"||3626|||||
"Ленинградский проспект"|"40"||||3627|||||
"Новокузнецкая улица"|"42"||"2"||3628|||||
"Милютинский переулок"|"17"||"1"||3629|||||
"Школьная улица"|"17"||||3630|||||
"Большая Лубянка улица"|"14"||"3"||3631|||||
"Малый Власьевский преулок"|"5"||"2"||3632|||||
"1-й Неаполимовский переулок"|"6"||||3633|||||
"Воронцовская улица"|"6"||"1"||3634|||||
"Большая Полянка улица"|"55"||"2"||3635|||||
"Летняя улица"|"4"||"4, 3, 2"||3636|||||
"Адрес не указан"|||||3638|||||
"Хлебный переулок"|"2"|"/3"|"3, 4"||3640|||||
"Андропова проспект"|"39"||"1, 2, 3, 4, 6, 7, 8, 9, 10, 11, 12, 13"||3641|||||
"Котельническая набережная"|"1"|"/15"|||3642|||||
"Красная площадь"|"5"||||3643|||||
"Пятницкая улица"|"48"||"4"||3644|||||
"Песочная аллея"|"5"||"3"||3645|||||
"Шухова улица"|"10"||||3646|||||
"Усачёва улица"|"1"||"1, 2, 3, 3а"||3647|||||
"Пятницкая улица"|"12"||||3648|||||
"Джавахарлала Неру площадь, Ломоносовский пр."|"1"||||3649|||||
"Монументальная скульптура"|||||3650|||||
"Школьная улица"|"47"||||3651|||||
"Щетининский переулок"|"10,  12"||||3652|||||
"Летняя улица"|"1"||"1"||3653|||||
"Гранатный переулок"|"22"||"1"||3654|||||
"Звенигородская улица"|"14"||"Б"||3655|||||
"Хохловский переулок"|"10"||"1"||3656|||||
"Русаковская улица"|"7"||"1, 2, 3"||3657|||||
"Пятницкая улица"|"21"||"2"||3658|||||
"Пятницкая улица"|"30"||"1, 3"||3659|||||
"1-я Останкинская улица"|"7"||"2"||3660|||||
"Преображенский районный суд"|||||3661|||||
"Никитский бульвар"|"11"|"/12"|"1-4"||3662|||||
"Товарищеский переулок"|"31"||"1"||3663|||||
"Новинский бульвар"|"25-27"||"8, 10"||3664|||||
"Старая Басманная улица"|"23"|"/9"|"2"||3665|||||
"Садовническая улица"|"63"||"4, 6"||3666|||||
"Бобров переулок"|"5; 7"||||3667|||||
"Новая Басманная улица"|"14"||"1"||3668|||||
"Иваньковское шоссе"|"8"||||3669|||||
"Моховая улица"|"11"||"6"||3670|||||
"Тверская улица"|"19"|"а"|||3671|||||
"Большая Ордынка улица"|"63"||"1"||3672|||||
"Образцова улица"|"27"||||3673|||||
"Столешников переулок"|"9"||"5"||3674|||||
"Контракт"|||||3675|||||
"Ленинский проспект"|"17"||||3676|||||
"Новинский бульвар"|"7"||"3"||3677|||||
"Волоколамское шоссе"|"52"||||3678|||||
"Воронцовский парк"|"6; 7"||||3679|||||
"Петровский бульвар"|"8"||"1"||3680|||||
"Тверская улица"|"31"|"/4"|"1"||3681|||||
"Мясницкая улица"|"24"||||3682|||||
"Тихая улица"|"23"||"1"||3683|||||
"Николоямская улица"|"52"||"1"||3684|||||
"Крапивенский переулок"|"3"||"2"||3685|||||
"Гоголевский бульвар"|"10"|"/11"|"2, 4"||3686|||||
"Садовническая улица"|"10"||"1"||3687|||||
"Пречистенка улица"|"35"||"4, 1,2,3,5"||3688|||||
"Малая Дмитровка улица"|"12"|"/1"|"1"||3689|||||
"Большая Никитская улица"|"9"|"/15"|"1"||3690|||||
"Столешников переулок"|"10"|"/18"|||3691|||||
"Тверская улица"|"14"||"1"||3692|||||
"Шепелев Ф.Л."|||||3693|||||
"Протопоповский переулок"|"19"||"5, 6, 7, 10, 14"||3694|||||
"Большая Ордынка улица"|"17"||"1"||3695|||||
"Каретный Ряд улица"|"3"||"7"||3696|||||
"Яузская улица"|"6"||"1"||3697|||||
"Токмаков переулок"|"23"||||3698|||||
"Токмаков переулок"|"21"|"/2"|"1, 2, 5"||3699|||||
"Сретенский бульвар"|"6"|"/1"|"2"||3700|||||
"Большая Никитская улица"|"5"||||3701|||||
"Абельмановская улица"|"3-5"||"2"||3702|||||
"Петровский переулок"|"5"||"5"||3703|||||
"Средний Кисловский переулок"|"5"|"/6"|"2"||3704|||||
"Чагинская улица"|"14"||"1"||3705|||||
"Ветошный переулок"|"13"|"-15"|||3706|||||
"4-й Рощинский проезд"|"30"||"8, 9, 10"||3707|||||
"Замоскворецкий суд"|||||3708|||||
"Большая Спасская улица"|"1"|"/9"|"1"||3709|||||
"Каланчёвская улица"|"21"|"/40"|||3710|||||
"Верхняя Радищевская улица"|"18"||"2"||3711|||||
"Тверская улица"|"7"||||3712|||||
"Садовническая улица"|"45"||||3713|||||
"1-й Котельнический переулок"|"3"||"1"||3714|||||
"Колпачный переулок"|"10"|"/7"|"3, 4"||3715|||||
"Пречистенка улица"|"32"|"/1"|"2, 7"||3716|||||
"городок имени Баумана"|"1"||"15"||3717|||||
"Измайловское шоссе"|"4"||||3718|||||
"Таганская площадь"|"86"|"/1"|"1"||3719|||||
"Сурикова улица"|"13"||||3720|||||
"Вознесенский переулок"|"9"||"4"||3721|||||
"Маршала Новикова улица"|"3"||||3722|||||
"2-й Новокузнецкий переулок"|"10"|"/1"|"2"||3723|||||
"Ленинские горы"|"1"||||3724|||||
"Волхонка улица"|"8-10"|"/2"|"10, 8"||3725|||||
"Тверская улица"|"6"|"/2"|"2"||3726|||||
"Щепкина улица"|"22"||||3727|||||
"Большая Никитская улица"|"26"|"/2"|"1, 2, 3"||3728|||||
"Березовой рощи проезд"|"3"||||3729|||||
"Большая Якиманка улица"|"вл. 2"|"-4"|||3730|||||
"Подсосенский переулок"|"25"||"3"||3731|||||
"Воронцово Поле улица"|"13"|"/25"|"1, 2"||3732|||||
"Сергия Радонежского улица"|"1"|"/2"|"1"||3733|||||
"Врубеля улица"|"13"|"а"|"1-5, 6"||3734|||||
"Новинский бульвар"|"25"||"1"||3735|||||
"Лазоревый проезд"|"15"||"1"||3736|||||
"Большой Козихинский переулок"|"13, 15"||||3737|||||
"Парк ""Кузьминки-Люблино"""|||||3738|||||
"Новослободская улица"|"14"|"/19"|"1"||3739|||||
"Крымский тупик"|"10"||"1"||3740|||||
"Нижняя Радищевская улица"|"5"||"1"||3741|||||
"Вятская улица"|"41"|"а"|||3742|||||
"Большая Ордынка улица; Кадашевский тупик"|||||3743|||||
"Русаковская улица"|"13"||"3"||3744|||||
"Садовническая улица; Зацепа улица - контракт"|||||3745|||||
"Забелина улица"|"3"||"2"||3746|||||
"Николоямская улица"|"53"||"1, 2, 3"||3747|||||
"Кремлевская набережная"|"1"|"/9/6"|"8"||3748|||||
"Столешников переулок"|"6"||"1, 2, 5"||3749|||||
"Фрунзенская набережная"|"18"||"Д"||3750|||||
"Сурикова улица"|"24"||||3751|||||
"Бахрушина улица"|"30"||"1"||3752|||||
"Панфилова улица"|"6"|"Б"|||3753|||||
"Красноказарменная улица"|"3"||"1"||3754|||||
"Старая Басманная улица"|"20"|"кор. 13"|"1"||3755|||||
"Верещагина улица"|"3"||||3756|||||
"Столешников переулок"|"7"||"1"||3757|||||
"Малая Дмитровка улица"|"16"||"13"||3758|||||
"Мира проспект"|"9"||"1"||3759|||||
"Андроньевская площадь"|"6"||"1"||3760|||||
"Поленова улица"|"8"|"/1"|||3761|||||
"Софийская набережная"|"30"||"2"||3762|||||
"Большая Садовая улица"|"4"||"2"||3763|||||
"Старая Басманная улица"|"19"||"13, 16"||3764|||||
"Сивцев Вражек переулок"|"42"||"5"||3765|||||
"Большая Якиманка улица"|"вл.3"||||3766|||||
"Вильгельма Пика улица"|"вл. 3"||"1-8"||3767|||||
"Хлебный переулок"|"6"||||3768|||||
"Чистопрудный бульвар"|"14"||"3"||3769|||||
"Чистопрудный бульвар"|"2"|||"кв.33"|3770|||||
"Оружейный переулок"|"15"||"1"||3771|||||
"Саломеи Нерис улица"|"4"||"2, 3"||3772|||||
"Тверской бульвар"|"18"||"1"||3773|||||
"3-й Зачатьевский переулок"|"3"||||3774|||||
"Подсосенский переулок"|"11"||||3775|||||
"Малый Песчаный переулок"|"2"|"а"|||3776|||||
"Тверской бульвар"|"17"||"7- 8"||3777|||||
"Крымский тупик"|"6"||||3778|||||
"Адрес не указан"|||||3779|||||
"Золотой остров"|||||3780|||||
"Сухаревская площадь"|"10"|"/31"|"2"||3781|||||
"Новокузнецкая улица"|"40"||"1"||3782|||||
"Воздвиженка улица"|"8"|"/1"|"1"||3783|||||
"Измайловский районный суд"|||||3784|||||
"Калошин переулок"|"2"|"/24"|"1-2"||3785|||||
"Песчаная улица"|"10"||||3786|||||
"Олсуфьевский переулок"|"6"||"3"||3787|||||
"Потаповский переулок"|"6"||"1"||3788|||||
"Череповецкая улица (парк Лионозово)"|"3"|"Б"|||3789|||||
"Замоскворецкий суд"|||||3790|||||
"Загорского проезд"|"23"||||3791|||||
"Ленинский проспект"|"26"||||3792|||||
"Чистопрудный бульвар"|"1а"|"/4"|||3793|||||
"2-й Донской проезд"|"9"||"3"||3794|||||
"Петроверигский переулок"|"6-8-10"||"1"||3795|||||
"Воронцовская улица"|"19а"||"1"||3796|||||
"Мира проспект"|"119"||"452"||3797|||||
"Казакова улица"|"7"||||3798|||||
"Старая Басманная улица"|"16"|"/1Б"|"8"||3799|||||
"Летняя улица"|"8"|"/2"|"1"||3800|||||
"Кривоколенный переулок"|"10"||"2"||3801|||||
"2-я Бауманская улица"|"3"||||3802|||||
"Мира проспект"|"1"||||3803|||||
"Зорге улица"|"30"|"А"|||3804|||||
"Староконюшенный переулок"|"41"||"1"||3805|||||
"Волочаевская улица"|"12"|"А"|||3806|||||
"Ленинский проспект"|"28"||"1"||3807|||||
"7-я Лазенки улица"|"42"||||3808|||||
"Кутузовский проспект"|"12"||||3809|||||
"Лаврушинский переулок"|"17"||"1"||3810|||||
"Малый Лёвшинский переулок"|"14"|"/9"|"1"||3811|||||
"Лукинская улица"|"11"||||3812|||||
"Пятницкая улица"|"10"||"2"||3813|||||
"Бахрушина улица"|"11"|"/48"|"2"||3814|||||
"Поликарпова улица"|"16"||||3815|||||
"Преображенский Вал улица"|"24"||"2,4,5"||3816|||||
"Солянка улица"|"7"||"1"||3817|||||
"Гороховский переулок"|"6"|"/1"|"1"||3818|||||
"Поленова улица"|"16"||||3819|||||
"Трубная улица"|"23"||||3820|||||
"Дмитровское шоссе"|"120"||"корп.1, стр. 1"||3821|||||
"Новоясеневский проспект"|"вл.42"||"9"||3822|||||
"Софийская набережная"|"18/8"|"стр.1 вл.20"|"1"||3823|||||
"Новослободская улица"|"39"||"2"||3824|||||
"Михалковская улица"|"42"||||3825|||||
"Журавлева улица"|"6"||"1"||3826|||||
"Средний Овчинниковский переулок"|"1"||"4"||3827|||||
"Адрес не указан (Хорошевский суд)"|||||3828|||||
"Электрозаводская улица"|"20"||"1,2"||3829|||||
"Страстной бульвар (сквер)"|||||3830|||||
"Каланчёвская улица"|"15"||"А"||3831|||||
"Большая Сухаревская площадь"|"1"|"/2"|"1"||3832|||||
"Ярославская улица"|"9"|"корп.2"|"5"||3833|||||
"Большой Предтеченский переулок"|"вл. 3"|"-5"|||3834|||||
"Скатертный переулок"|"5"||"1"||3835|||||
"Волхонка улица"|"9"||"1"||3836|||||
"Новогорская улица"|"70"||||3837|||||
"Адрес не указан (АС Московской области)"|||||3838|||||
"Адрес не указан (Тверской суд)"|||||3839|||||
"Софийская набережная"|"22"||"2"||3840|||||
"Пятницкая улица"|"36"||||3841|||||
"Знаменка улица"|"11"|"/11"|"1"||3842|||||
"Сивцев Вражек переулок"|"15"|"/25"|"кв.132, кв.161"||3843|||||
"Тверская улица"|"18"|"/2"|||3844|||||
"Покровка улица"|"29"||"1"||3845|||||
"Большая Дмитровка улица"|"5"|"/6"|"3"||3846|||||
"Никитский бульвар"|"12"||||3847|||||
"Дербеневская улица"|"24"||"6"||3848|||||
"Лесная улица"|"1"|"/2"|||3849|||||
"Адрес не указан (Арбитр.суд)"|||||3850|||||
"Адрес не указан (Чертановский суд)"|||||3851|||||
"1-й Хвостов переулок"|"11"||"1"||3852|||||
"Старые Кузьминки"|"11"||||3853|||||
"Ленинградский проспект"|"16"||"2"||3854|||||
"Адрес не указан (Коптевский районный суд)"|||||3855|||||
"Летняя улица"|"вл. 7"||||3856|||||
"Адрес не указан (Коптевский районный суд)"|||||3857|||||
"Профсоюзная улица"|"123"|"А"|"15"||3858|||||
"Большой Трёхсвятительский переулок"|"1"|"-3"|"1"||3859|||||
"Малый Казённый переулок"|"5"||" 2 (3 ?)"||3860|||||
"Маршала Малиновского улица"|"вл. 7"||||3861|||||
"Петровско-Разумовский проезд"|"вл. 24"||"корп. 17"||3862|||||
"Остоженка улица"|"17"|"/4"|||3863|||||
"Петровский переулок"|"8"||"1"||3864|||||
"Покровка улица"|"3"|"/7"|"1А"||3865|||||
"2-я Тверская-Ямская улица"|"36"|"/2"|"1"||3866|||||
"Адрес не указан (Симоновский суд)"|||||3867|||||
"2-я Брестская улица"|"19"|"/18"|"1"||3868|||||
"Новая Басманная улица"|"9"||"1"||3869|||||
"Смоленская площадь"|"8"|"12/1"|"1"||3870|||||
"Малый Знаменский переулок"|"7"|"/10"|"3,2"||3871|||||
"Покровка улица"|"3"|"7"|"1А"||3872|||||
"Б. Коммунистическая улица (Солженицына)"|"3"||"1"||3873|||||
"2-й Волконский переулок"|"8"|"А"|||3874|||||
"Покровка улица"|"1"|"/13/6"|"2"||3875|||||
"Токмаков переулок"|"21"|"/2"|"1"||3876|||||
"Малый Казенный переулок"|"5"||"1"||3877|||||
"Нащокинский переулок"|"8"||||3878|||||
"Земляной Вал улица"|"35"||"1"||3879|||||
"Новый Арбат улица"|"23"||"3"||3880|||||
"Большая Филёвская улица"|"34"|"А"|||3881|||||
"Пятницкая улица"|"26"||"1"||3882|||||
"Новый Арбат улица"|||||3883|||||
"Пятницкая улица"|"36"||||3884|||||
"Гончарная улица"|"3"||"3"||3885|||||
"Старосадский переулок"|"7"|"/10"|"10"||3886|||||
"Пречистенка улица"|"1"|"/3"|||3887|||||
"Последний переулок"|"28"||||3888|||||
"Мира проспект"|"119"||"18"||3889|||||
"Архангельский переулок"|"10"||"2"||3890|||||
"Ленинский проспект"|"19"||"1"||3891|||||
"Воздвиженка улица"|"7"|"6"|"1"||3892|||||
"Столешников переулок"|"6"||"1"||3893|||||
"Арбитраж без адреса"|||||3894|||||
"Софийская набережная"|"18 (20)"|"8"|"1"||3895|||||
"Дубининская улица"|"51"||"4"||3896|||||
"Старосадский переулок"|"7"|"10"|||3897|||||
"1-й Котельнический переулок"|"3"||"1"||3898|||||
"Старые Кузьминки"|"10"||||3899|||||
"Малая Дмитровка улица"|"6"||"1"||3900|||||
"Пушкинская набережная"|"8"|"А"|"3"||3901|||||
"Новая Басманная улица"|"12"||"2А"||3902|||||
"Бауманская улица"|"36"||"1"||3903|||||
"Яковоапостольский переулок"|"8"||"1"||3904|||||
"Пятницкая улица"|"19"||||3905|||||
"Преображенский Вал улица"|"17-25"||||3906|||||
"Столешников переулок"|"6"||"5"||3907|||||
"Тверская улица"|"23"||"1"||3908|||||
"Малая Семёновская улица"|"28"||||3909|||||
"Лужники улица"|"24"||||3910|||||
"Малая Никитская улица"|"25"||||3911|||||
"Средний Кисловский переулок"|"5"|"/6"|"3"||3912|||||
"Лефортовский Вал улица"|"7"||||3913|||||
"Рогожский Вал улица"|"12"||||3914|||||
"Малая Ордынка улица"|"24"|"/41"|"2"||3915|||||
"Мясницкая улица"|"7"||"2"||3916|||||
"Контракт"|||||3917|||||
"Воронцово Поле улица"|"12"||"3"||3918|||||
"Волхонка улица"|"18"|"/2/1"|||3919|||||
"Малая Дмитровка улица"|"12"||"2"||3920|||||
"5-й Лучевой просек"|"14,16"||"1,2,3"||3921|||||
"Сталеваров улица"|"6"||"9"||3922|||||
"Золоторожская набережная"|"36"|"А"|||3923|||||
"Тверской бульвар"|"26"||"1,2,3"||3924|||||
"Арбитраж без указания адреса"|||||3925|||||
"Кузнецкий Мост улица"|"18"|"/7"|||3926|||||
"Лесная улица"|"57"||"5"||3927|||||
"Ягодный переулок"|"17"||||3928|||||
"Адрес не указан"|||||3929|||||
"Арбитраж адрес не указан"|||||3930|||||
"Мосфильмовская улица"|"18"|"А"|"4"||3931|||||
"Большая Садовая улица"|"14"||"1"||3932|||||
"Бауманская улица"|"42"||||3933|||||
"Большая Серпуховская улица"|"44"||||3934|||||
"Малая Дмитровка улица"|"18"||"1"||3935|||||
"Малая Дмитровка улица"|"18"||"1"||3936|||||
"Садовая-Спасская улица"|"19"||"2"||3937|||||
"Дольская улица"|"1"||"36"||3938|||||
"Академика Королёва улица"|"13"||"1,3"||3939|||||
"Старые Кузьминки"|"4,8"||||3940|||||
"2-й Верхний Михайловский проезд"|"8"||"2"||3941|||||
"Академика Королёва улица"|"13"||||3942|||||
"Мантулинская улица"|"5"||"5"||3943|||||
"Адреса нет"|||||3944|||||
"Всеволожский переулок"|"2"||"2"||3945|||||
"Тверская улица"|"9"|"А"|||3946|||||
"Кривоколенный переулок"|"9"||"2"||3947|||||
"Хитровский переулок"|"3"|"1"|"3"||3948|||||
"Без адреса арбитраж"|||||3949|||||
"Подъёмная улица"|"7"||"2,3,4"||3950|||||
"Кутузовский переулок"|||||3951|||||
"Кутузовский проспект"|"36"|"А"|||3952|||||
"2-й Красносельский переулок"|"7"||||3953|||||
"Правды улица"|"21"||"1,2"||3954|||||
"Красина улица"|"3"||"1,3,4,6,7"||3955|||||
"Чоботовский проезд"|"4"||"1"||3956|||||
"Мира проспект"|"184"||"1"||3957|||||
"Адреса нет арбитраж"|||||3958|||||
"Нет адреса арбитр"|||||3959|||||
"Без адреса арбитраж"|||||3960|||||
"Адреса нет арбитраж"|||||3961|||||
"Тверская улица"|"12"||"2"||3962|||||
"Академика Королёва улица"|"13"||"1"||3963|||||
"Большой Лёвшинский переулок"|"15"||"3"||3964|||||
"Большая Никитская улица"|"5"|"/7"|"2"||3965|||||
"Красная площадь"|"5"||"1,2,3,4"||3966|||||
"Ростовская набережная"|"9"||||3967|||||
"Смоленская площадь"|"13/"|"21"|||3968|||||
"Не указан адрес арбитраж"|||||3969|||||
"Сретенский бульвар"|"6/"|"1"|"1"||3970|||||
"Дружбы улица"|"6"||||3971|||||
"Гончарная улица"|"16"||"1"||3972|||||
"Покровка улица"|"18"|"/18"|"1"||3973|||||
"Староконюшенный переулок"|"17"||"1"||3974|||||
"Ростовская набережная"|"1"||||3975|||||
"Тверская улица"|"20"||"1"||3976|||||
"Щетининский переулок"|"4"||"3"||3977|||||
"Нет адреса арбитраж"|||||3978|||||
"Большая Никитская улица"|"31"||||3979|||||
"Пречистенские Ворота"|"1"||"4,5"||3980|||||
"Пречистенские Ворота"|"1"||"1,2,6"||3981|||||
"Пречистенские Ворота"|"1"||"3"||3982|||||
"Солженицына"|"2а"||"2,3"||3983|||||
"Милютинский переулок"|"8"||"2"||3984|||||
"Шумкина улица"|"16"||"8"||3985|||||
"Плющиха улица"|"64"||"1"||3986|||||
"Покровка улица"|"6"||||3987|||||
"без адреса (Останскинский рай.суд)"|||||3988|||||
"Серафимовича улица"|"2"||||3989|||||
"Павловская улица"|"25"||||3990|||||
"Гороховский переулок"|"4"||"1А, 2, 3, 4, 12"||3991|||||
"Петроверигский переулок"|"6-8-10"||"1"||3992|||||
"Большая Никитская улица"|"31"||||3993|||||
"Образцова улица"|"23"|"/1"|"2"||3994|||||
"Милютинский переулок"|"6"||"1"||3995|||||
"Большой Афанасьевский переулок"|"20"||||3996|||||
"Шаболовка улица"|"65"||"2 кв.26"||3997|||||
"Гастелло улица"|"5"||"1"||3998|||||
"Большой Николопесковский переулок"|"7"||"1"||3999|||||
"Кудринская площадь"|"1"||"1"||4000|||||
"Хохловский переулок"|"3"||"1"||4001|||||
"Крымский Вал улица"|"9"||"18,20,21,22"||4002|||||
"Без адреса арбитражный"|||||4003|||||
"Москворецкая набережная"|"1"||||4004|||||
"Преображенский Вал улица"|"17"||"90,91"||4005|||||
"Знаменка улица"|"11/"|"1"|||4006|||||
"Подкопаевский переулок"|"6"||"3"||4007|||||
"Гончарная улица"|"12"||"1"||4008|||||
"4,14"|"7/"|"10"|||4009|||||
"Арбитраж без адреса"|||||4010|||||
"Череповецкая улица"|"3Б"||||4011|||||
"Школьная улица"|"17"||||4012|||||
"Малая Дмитровка улица"|"3/"|"10"|"1"||4013|||||
"Вознесенский переулок"|"6/"|"3"|"1"||4014|||||
"Косыгина улица"|"17"||||4015|||||
"Пресненский суд без адреса"|||||4016|||||
"Малая Дмитровка улица"|"3/"|"10"|"1"||4017|||||
"Чистопрудный бульвар"|"12"||"6"||4018|||||
"Арбитраж без адреса"|||||4019|||||
"Тверская улица"|"15"||"1"||4020|||||
"Большая Дмитровка улица"|"32"||"1"||4021|||||
"Большой Толмачёвский переулок"|"5"||"7"||4022|||||
"Поперечный просек"|"11"||||4023|||||
"Нагатинский районный суд"|||||4024|||||
"Арбитраж без адреса"|||||4025|||||
"Погорельский переулок"|"5"||||4026|||||
"Руставели улица"|"12А"||"1"||4027|||||
"Минаевский проезд"|"7"||||4028|||||
"Сивцев Вражек переулок"|"4"||||4029|||||
"Рюмин переулок"|"2/"|"10"|"1"||4030|||||
"Комсомольская площадь"|"2"||||4031|||||
"Большая Дмитровка улица"|"7/"|"5"|"4"||4032|||||
"Черемушкинский районный без адреса"|||||4033|||||
"Колпачный переулок"|"3"||"2"||4034|||||
"Озерковская набережная"|"22"|"/24"|||4035|||||
"Шелапутинский переулок"|"3"||"1-5"||4036|||||
"Малая Бронная улица"|"32"||"кв.21"||4037|||||
"Новинский бульвар"|"11"||||4038|||||
"Комсомольская площадь"|"3"|"/30"|"1"||4039|||||
"Солженицына"|"30"||"1"||4040|||||
"Петроверигский переулок"|"4"||"3"||4041|||||
"Арбитраж адреса нет"|||||4042|||||
"Адреса нет арбитраж"|||||4043|||||
"Шаболовка улица"|"4"||"1"||4044|||||
"Староконюшенный переулок"|"36"||||4045|||||
"Ходынская улица"|"2"||"1"||4046|||||
"Садовая-Кудринская улица"|"11"||||4047|||||
"Садовая-Кудринская улица"|"7"||"13"||4048|||||
"Ленинский проспект"|"14,20"||||4049|||||
"Арбитраж без адреса"|||||4050|||||
"Мясницкая улица"|"8/2"||"1"||4051|||||
"Волоколамское шоссе"|"52"||||4052|||||
"Большой Кисловский переулок"|"1"||"2"||4053|||||
"Адрес не известен"|||||4054|||||
"Арбитраж без адреса"|||||4055|||||
"Большая Дмитровка улица"|"13"||||4056|||||
"Сергия Радонежского улица"|"13/1"||"1"||4057|||||
"3-й Люсиновский переулок"|"3/11"||"3"||4058|||||
"Рождественка улица"|"11/"|"4"|"4"||4059|||||
"Серафимовича улица (пос.Переделкино, МО)"|"3"||||4060|||||
"Страстной бульвар"|"15/"|"29"|"1"||4061|||||
"Ленинский проспект"|"121"||||4062|||||
"Страстной бульвар"|"15"|"/29"|"3,4,8"||4063|||||
"Басманный без адреса"|||||4064|||||
"Солянка улица"|"1/"|"2"|"5"||4065|||||
"Покровка улица"|"27"||"1"|"кв.30"|4066|||||
"Тверская улица"|"17"||"1"||4067|||||
"Спартаковская улица"|"3"||"1,2,3"||4068|||||
"Арбитражный суд адреса нет"|||||4069|||||
"Арбитражный суд нет адреса"|||||4070|||||
"Певческий переулок"|"4"||"4"||4071|||||
"Арбитраж нет адреса"|||||4072|||||
"Коптевский районный суд"|||||4073|||||
"Петровка улица"|"17"||"2"|"кв.41"|4074|||||
"Серафимовича улица"|"2"||||4075|||||
"Никольская улица"|"11-13"||"3"||4076|||||
"Большая Сухаревская площадь"|"9"||||4077|||||
"Преображенский Вал улица"|"17"|"вл.92"|||4078|||||
"Бабушкинский Р-ный суд"|||||4079|||||
"Арбитраж адреса нет"|||||4080|||||
"Андроньевская площадь"|"6"||"3-4"||4081|||||
"Андропова проспект"|"39"||||4082|||||
"Никольская улица"|"11-13"||"5"||4083|||||
"Малая Дмитровка улица"|"12"||"3"||4084|||||
"Арбитраж"|||||4085|||||
"Таганская площадь"|"88"||"2"||4086|||||
"Мещанский р-ный суд"|||||4087|||||
"Московский городской суд"|||||4088|||||
"Арбитраж без адреса"|||||4089|||||
"Головинский р-ный суд"|||||4090|||||
"Кузьминский р-ный суд"|||||4091|||||
"Садовая-Спасская улица"|"21/1"||||4092|||||
"Сухаревская площадь"|"9"||||4093|||||
"Раушская набережная"|"28"||||4094|||||
"Комсомольская площадь"|"2"||"А"||4095|||||
"Тенистый проезд"|"вл.8"||||4096|||||
"Рабочая улица"|"38"||||4097|||||
"Никольская улица"|"19-21/1"||||4098|||||
"Большая Андроньевская улица"|"22"||||4099|||||
"Петроверигский переулок"|"10"||"3"||4100|||||
"Большой Каретный переулок"|"11/16"||"1"||4101|||||
"Петроверигский переулок"|"6/8/10"||"2"||4102|||||
"Кузнецкий Мост улица"|"7"||||4103|||||
"Ленинский проспект"|"18"||"кв.40"||4104|||||
"Большой Трёхсвятительский переулок"|"вл.1"||||4105|||||
"Новослободская улица"|"2"||"1"||4106|||||
"Солянка улица"|"1/2"||"1"||4107|||||
"Замоскворецкий р-ный суд"|||||4108|||||
"Арбитраж нет адреса"|||||4109|||||
"Арбитраж без адреса"|||||4110|||||
"Спартаковская улица"|||||4111|||||
"Кривоколенный переулок"|"10"||"6"||4112|||||
"Климентовский переулок"|"6"||"кв 70"||4113|||||
"Большой Трёхгорный переулок"|"1/26"||"2"||4114|||||
"Басманный р-ный суд"|||||4115|||||
"Арбитражный"|||||4116|||||
"Кудринская площадь"|"1"||||4117|||||
"Остоженка улица"|"53/2"||"1"||4118|||||
"Столешников переулок"|"6"||"3"||4119|||||
"Арбитражный суд"|||||4120|||||
"Замоскворецкий р-ный суд"|||||4121|||||
"Арбитраж без адреса"|||||4122|||||
"Ленинский проспект"|"12"||"кв.37"||4123|||||
"Никольская улица"|"10/2"||||4124|||||
"Ильинка улица"|"4"||||4125|||||
"Арбитраж"|||||4126|||||
"Ильинка улица"|"4"||||4127|||||
"Атрбитражный суд адреса нет"|||||4128|||||
"Ильинка улица"|"4"||||4129|||||
"Ильинка улица"|"4"||||4130|||||
"Таганский р-ный суд"|||||4131|||||
"Неглинная улица"|"6/2"|"1,2"|||4132|||||
"Ильинка улица"|"4"||||4133|||||
"Ильинка улица"|"4"||||4134|||||
"Протопоповский переулок"|"19"|"10"|||4135|||||
"Арбитражный суд"|||||4136|||||
"Замоскворецкий суд"|||||4137|||||
"Ильинка улица"|"4"||||4138|||||
"Ильинка улица"|"4"||||4139|||||
"Гранатный переулок"|"7"||"2,1"||4140|||||
"Арбитраж суд"|||||4141|||||
"Сивцев Вражек переулок"|"вл. 5-7/14"||||4142|||||
"Спиридоновка улица"|"3-5"||||4143|||||
"Хлебный переулок"|"2/3"||||4144|||||
"Гранатный переулок"|"7"||"1"||4145|||||
"Косыгина улица"|"6"||||4146|||||
"Арбитраж"|||||4147|||||
"поселок Филимоновское"|||||4148|||||
"Покровка улица"|"17"||"1"||4149|||||
"Трубниковский переулок"|"19"||||4150|||||
"Арбитражный суд"|||||4151|||||
"Знаменка улица"|"10"||"1"||4152|||||
"Замоскворецкий р-ный"|||||4153|||||
"Никольская улица"|"15"||"1"||4154|||||
"Арбитраж нет адреса"|||||4155|||||
"Арбитраж"|||||4156|||||
"Арбитражный суд"|||||4157|||||
"Волхонка улица"|"14"||"3-5"||4158|||||
"Смоленская площадь"|"6/13/14"||||4159|||||
"Знаменка улица"|"10"||"1"||4160|||||
"Басманный р-ный суд"|||||4161|||||
"Новинский бульвар"|"18"||"1"||4162|||||
"Новинский бульвар"|"18"||"4"||4163|||||
"Стромынка улица"|"6"||||4164|||||
"1-й Рижский переулок"|"2"||"1,2,5,6,9,10"||4165|||||
"Оружейный переулок"|"3"||"1"||4166|||||
"Дубининская улица"|"51"||"4"||4167|||||
"Пятницкая улица"|"15"||||4168|||||
"Тверская-Ямская улица"|"36"||"1"||4169|||||
"Тверской бульвар"|"17"||"2"||4170|||||
"Николоямская улица"|"58"||||4171|||||
"Замоскворецкий р-ный"|||||4172|||||
"Малая Дмитровка улица"|"12"||"3,4"||4173|||||
"Романов переулок"|"3"||"7"||4174|||||
"Серафимовича улица"|"2"||||4175|||||
"Симоновский р-ный суд"|||||4176|||||
"Берсеневская набережная"|"6"||"2,3"||4177|||||
"Подкопаевский переулок"|"4"||"7"||4178|||||
"Мосгорсуд"|||||4179|||||
"Арбитражный суд"|||||4180|||||
"Малый Лёвшинский переулок"|"14/8"||"1"||4181|||||
"Арбитражный суд"|||||4182|||||
"Басманный р-ный суд"|||||4183|||||
"Алтуфьевское шоссе"|"147"||||4184|||||
"Пятницкая улица"|"19"||||4185|||||
"Петровский бульвар"|"1"||"1"||4186|||||
"Басманый р-ный"|||||4187|||||
"Большой Спасоглинищевский переулок"|"3"||"5"||4188|||||
"Большая Ордынка улица"|"14"||"20"||4189|||||
"Тверской р-ный"|||||4190|||||
"Симоновский р-ный"|||||4191|||||
"Никулинский р-ный"|||||4192|||||
"Арбитражный суд без адреса"|||||4193|||||
"Покровка улица"|"17"||"1"||4194|||||
"Маросейка улица"|"11/4"||"1"||4195|||||
"Михалковская улица"|"38А"||||4196|||||
"Достоевского улица"|"2,4"||||4197|||||
"Большая Коммунистическая улица"|"3"||||4198|||||
"Арбитражный суд"|||||4199|||||
"Люблинский р-ный"|||||4200|||||
"Тушинский р-ный суд"|||||4201|||||
"Покровка улица"|"38А"||||4202|||||
"Армянский переулок"|"3-5"||"1А"||4203|||||
"Дубравная"|"51"||||4204|||||
"Кожевническая улица"|"11-13"||||4205|||||
"Таганский р-ный"|||||4206|||||
"Покровка улица"|"38"||"5"||4207|||||
"1-й Щипковский переулок"|"26"||"1"||4208|||||
"Смоленская-Сенная площадь"|"30"||||4209|||||
"Преображенский Вал улица"|"25,17А"|"2"|||4210|||||
"Мировой судья № 110"|||||4211|||||
"Арбитражный"|||||4212|||||
"Большой Харитоньевский переулок"|"25"||||4213|||||
"Арбитраж"|||||4214|||||
"Шумкина улица"|"16"||"1"||4215|||||
"Арбитраж"|||||4216|||||
"Арбитражный"|||||4217|||||
"Мещанский р-ный"|||||4218|||||
"Хамовнический р-ный"|||||4219|||||
"Бутырский суд"|||||4220|||||
"Садовая-Сухаревская улица"|"14"||||4221|||||
"Маросейка улица"|"2/15"||"1"||4222|||||
"Старая Басманная улица"|"15А"||"4"||4223|||||
"Дубининская улица"|"51"||"4"||4224|||||
"Пречистенка улица"|"21/12"||"5"||4225|||||
"Десятый апеляционный суд"|||||4226|||||
"Арбитражный суд"|||||4227|||||
"Петровский бульвар"|"19/2"||"1"||4228|||||
"Сергия Радонежского"|"21"||||4229|||||
"Михалковская улица"|"42"||||4230|||||
"Арбитражный суд"|||||4231|||||
"Арбитражный суд"|||||4232|||||
"Крапивинский переулок"|"4"||"1"||4233|||||
"Пятницкая улица"|"19"||||4234|||||
"Арбитражный суд"|||||4235|||||
"Кожевническая улица"|"16"||||4236|||||
"Маросейка улица"|"2/15"||"1"||4237|||||
"Сивцев Вражек переулок"|"15/25"||||4238|||||
"Крымский Вал улица"|"9"||"21"||4239|||||
"Спартаковская улица"|"15"||||4240|||||
"Прянишникова улица"|"21"||||4241|||||
"2-й Волконский переулок"|"8А"||||4242|||||
"Волоколамское шоссе"|"88"||||4243|||||
"Арбитражный суд"|||||4244|||||
"Арбитражный суд города Москвы"|||||4245|||||
"Мосгорсуд"|||||4246|||||
"Прянишникова улица"|"21"||||4247|||||
"Пятницкая улица"|"19"||||4248|||||
"Сретенский бульвар"|"6/1"||"1"||4249|||||
"Покровка улица"|"17"||"1"||4250|||||
"Малый Васильевский переулок"|"12"||"1"||4251|||||
"Пименовский тупик"|"11"||"1"||4252|||||
"Мосгорсуд"|||||4253|||||
"Арбат улица"|"45/24"||||4254|||||
"Гончарная улица"|"16"||"1"||4255|||||
"Нижняя Радищевская улица"|"5"||"1"||4256|||||
"Театральный проезд"|"3"||"3"||4257|||||
"Покровский бульвар"|"18/15"||"6"||4258|||||
"Арбитраж"|||||4259|||||
"Тверской бульвар"|"17"||"4"||4260|||||
"Пятницкая улица"|"21"||"1"||4261|||||
"Дубравная улица"|"51"||||4262|||||
"Арбитражный суд города Москвы"|||||4263|||||
"Арбитражный суд города Москвы"|||||4264|||||
"Большая Дмитровка улица"|"23"||"1"||4265|||||
"Софийская набережная"|"6"||"1"||4266|||||
"Арбитражный суд города Москвы"|||||4267|||||
"Николоямская улица"|"49"||"2"||4268|||||
"Маросейка улица"|"11/4"||"1"||4269|||||
"Моховая улица"|"11"||"1"||4270|||||
"Солянка улица"|"15"||||4271|||||
"Мясницкая улица"|"24/7"||"1"||4272|||||
|||||4273|||||
"Арбитражный"|||||4274|||||
"Арбитражный суд"|||||4275|||||
"Хохловский переулок"|"10"||"1"||4276|||||
"Мещанский районный суд"|||||4277|||||
"Новая Басманная улица"|"2/1"||"1"||4278|||||
"Красноказарменная"|"1"||||4279|||||
"Спиридоньевский переулок"|"8"||"8"||4280|||||
"Лесная улица"|"1/2"||||4281|||||
"Новокузнецкая улица"|"29"||"1"||4282|||||
"Скатертный переулок"|"4/2"||"2"||4283|||||
"Кривоарбатский переулок"|"10"||||4284|||||
"Арбитражный суд города Москвы"|||||4285|||||
"Хамовнический районный суд"|||||4286|||||
"Замоскворецкий р-ный суд"|||||4287|||||
"Остоженка улица"|"19"||"1"||4288|||||
"Мытищинский городской суд"|||||4289|||||
"Бауманская улица"|"58"|"/3"|"5"||4290|||||
"Арбитражный суд"|||||4291|||||
"Арбатецкая улица"|"2"||"23"||4292|||||
"Средний Овчинниковский переулок"|"1"|"13"|||4293|||||
"Троицкий районный суд"|||||4294|||||
"Контракт"|||||4295|||||
"Замоскворецкий районный суд"|||||4296|||||
"Мособлсуд"|||||4297|||||
"Арбитражный суд"|||||4298|||||
"Арбитражный суд"|||||4299|||||
"Петровка"|"28"||"2"||4300|||||
"Мосгорсуд"|||||4301|||||
"Пятницкая улица"|"16"||"1"||4302|||||
"Арбитраж"|||||4303|||||
"Арбитраж"|||||4304|||||
"Пятницкая улица"|"19"||||4305|||||
"Миусская площадь"|"6"||"7"||4306|||||
|||||4307|||||
"Большой Знаменский переулок"|"7"||||4308|||||
"Ленинский проспект"|"28"|"корп.2"|||4309|||||
"Маросейка улица"|"6-8"||"1"||4310|||||
"Маросейка улица"|"9"||"1"||4311|||||
"Большая Полянка улица"|"29/32"||"6"||4312|||||
"Кожевническая улица"|"22"||||4313|||||
"1-й Коптельский переулок"|"2/7"||"1"||4314|||||
"Арбитраж"|||||4315|||||
"Выборгский районный суд"|||||4316|||||
"Маршала Новикова улица"|"1"||||4317|||||
|||||4318|||||
"Кремлевская набережная"|"1/9"||"10"||4319|||||
"Александра Солженицына ул."|"1/5"||||4320|||||
"Большая Никитская улица"|"21/18"||"4"||4321|||||
"Мира проспект"|"40"||||4322|||||
"Арбитраж"|||||4323|||||
"Трубниковский переулок"|"19"||||4324|||||
"Брюсов переулок"|"6"||"7"||4325|||||
"Арбитраж"|||||4326|||||
"1-й Рижский переулок"|"2"||"1,2,5,6,9,10"||4327|||||
"Шлюзовая набережная"|"2/1"||||4328|||||
"Арбитраж"|||||4329|||||
"Арбитраж"|||||4330|||||
"Милютинский переулок"|"8"||"1"||4331|||||
"Люблинский районный суд"|||||4332|||||
"Лесная"|"1/2"||||4333|||||
"Рождественка улица"|"6/9/20"|"1"|||4334|||||
"Большая Дмитровка улица"|"23/8"||"1-2"||4335|||||
"Арбитраж"|||||4336|||||
"Шелапутинский переулок"|"3"||"1,2,3,4,5"||4337|||||
"Арбитраж"|||||4338|||||
"Колодезный переулок"|"2А"||"1"||4339|||||
"Фрунзенская набережная"|"12"||||4340|||||
"Арбат улица"|"22/2"||"1,4"||4341|||||
"Гжельский переулок"|"12/3"||"1"||4342|||||
"Рочдельская улица"|"15"||"8,10"||4343|||||
"Малый Власьевский переулок"|"12"||"1"||4344|||||
"Арбитраж"|||||4345|||||
"Арбитраж"|||||4346|||||
"Замоскворецкий районный суд"|||||4347|||||
"Арбитраж"|||||4348|||||
"Софийская набережная"|"8,10"||||4349|||||
"Болотная пл."|"14"||"14"||4350|||||
"Образцова ул."|"11"||"1А"||4351|||||
"Хитровский пер."|"4"|"10"|||4352|||||
"Поварская ул."|"50/53"|"1"|||4353|||||
"Хитровский переулок"|"4"|"корп. 10"|||4354|||||
"1-я Тверская-Ямская улица"|"22"||||4355|||||
"Малая Грузинская улица"|"15"|"3"|||4356|||||
"Станиславского улица"|"21"||"21"||4357|||||
"Летняя улица"|"8/2"||||4358|||||
"Пятницкая улица"|"55/25"|"1"|||4359|||||
"Никитский бульвар"|"11/12"|"3"|||4360|||||
"Голиковский пер."|"14/11"|"1"|||4361|||||
"Мосгорсуд"|||||4362|||||
"Замоскворецкий р/с"|||||4363|||||
"Арбатская пл."|"14"||||4364|||||
"Люблинская улица"|"59"|"1"|||4365|||||
"Большая Никитская улица"|"31"||||4366|||||
"Петровка улица"|"19"|"1"|||4367|||||
"Старопименовский переулок"|"11"|"6"|||4368|||||
"Большая Дмитровка улица"|"32"|"4-9"|||4369|||||
"Арбитраж"|||||4370|||||
"Маяковского переулок"|"15/13"||||4371|||||
"Арбитраж"|||||4372|||||
"Канавинский районный суд"|||||4373|||||
"2-й Монетчиковский переулок"|"2/12"||||4374|||||
"Пречистенские Ворота площадь"|"1"||"1,2,6"||4375|||||
"Малая Дмитровка улица"|"12"||"3"||4376|||||
"Головинский районный суд"|||||4377|||||
"Бауманская улица"|"53"||"8"||4378|||||
"Косыгина улица"|"17"||||4379|||||
"Пятницкая улица"|"82/34"||||4380|||||
"Проспект мира"|"40"||||4381|||||
"Замоскворецкий районный суд"|||||4382|||||
"2-ой Кадашевский пер."|"3"|"1"|||4383|||||
"Остоженка улица"|"19"|"2"|||4384|||||
"Новопесчаная улица"|"12"||||4385|||||
"Малый Власьевский пер."|"12"|"1"|||4386|||||
"Большая Дмитровка улица"|"32"||"4-9"||4387|||||
"Большой Каретный переулок"|"4"||"4"||4388|||||
"Остоженка улица"|"19"||"2"||4389|||||
"Конюшковская улица"|"31"||"3"||4390|||||
"Замоскворецкий районный суд"|||||4391|||||
"Моховая улица"|"11"||"1"||4392|||||
"Тушинский районный суд"|||||4393|||||
"Арбат улица"|"22/2"|"1"|||4394|||||
"Плющиха улица"|"64/6"|"1,2"|||4395|||||
"Вятская улица"|"41А"||||4396|||||
"Потаповский переулок"|"6"||"1"||4397|||||
"Б. Семеновская улица"|"15-17/12"||"2"||4398|||||
"Покровка улица"|"27"|"1"|||4399|||||
"Арбитраж"|||||4400|||||
"Арбитраж"|||||4401|||||
"Максимова улица, М. Новикова улица"|"8,/1,3"||||4402|||||
"Тверской районный суд"|||||4403|||||
"Арбитраж"|||||4404|||||
"Твардовского улица"|"2"||||4405|||||
"Остоженка улица"|"7"|"1"|||4406|||||
"1-й Рижский переулок"|"2"||"1,2,5,6,9,10"||4407|||||
"Арбитраж"|||||4408|||||
"Усадьба ""Знаменские Садки"""|||||4409|||||
"Комсомольский проспект"|"17А"||||4410|||||
"2-й Вышеславцев переулок"|"3"||||4411|||||
"Болотная площадь"|"14"|"1,14"|||4412|||||
"Кузьминский районный суд"|||||4413|||||
"Арбитраж"|||||4414|||||
"Хлебников переулок"|"3"||||4415|||||
"Новинский бульвар"|"18"||"4"||4416|||||
"Милютинский переулок"|"14"|"6"|||4417|||||
"Большой Знаменский переулок"|"7"||||4418|||||
"Большая Никитская улица"|"21/18"||"1"||4419|||||
"Д.Архангельское"|||||4420|||||
"поселок новофедоровское, д. Архангельское"|||||4421|||||
"Вышеславцев переулок"|"3"||||4422|||||
"Тверской районный суд"|||||4423|||||
"Таганский районный суд"|||||4424|||||
"Замоскворецкий районный суд"|||||4425|||||
"Замоскворецкий районный суд"|||||4426|||||
"Большая Семеновская"|"15-17/12"|"cтр.2"|||4427|||||
"1-й Рижский переулок"|"2"||"1,2,5,6,9,10"||4428|||||
|||||4429|||||
"Милютинский переулок"|"14"||"6"||4430|||||
"Арбитраж"|||||4431|||||
"Арбитражный суд г.Москвы"|||||4432|||||
"Милютинский переулок"|"14"||"1"||4433|||||
"Замоскворецкий районный суд"|||||4434|||||
"Преображенский Вал улица"|"17"||||4435|||||
"Арбитражный суд г.Москвы"|||||4436|||||
"Климентовский переулок"|"6"||||4437|||||
"Арбитражный суд"|||||4438|||||
"Певченский переулок"|"6"||||4439|||||
"Голиковский переулок"|"11"||||4440|||||
"Сретенский бульвар"|"6/1"||"1"||4441|||||
"Арбитражный суд"|||||4442|||||
"Шоссе Энтузиастов"|"58"||||4443|||||
"Арбитражный суд"|||||4444|||||
"Мира проспект"|"9"||"1"||4445|||||
"Вятская улица"|"41А"||||4446|||||
"Арбитражный суд"|||||4447|||||
"Мясницкая улица"|"24/7"||"1"||4448|||||
"Озеркрвская набережная"|"52"||"2"||4449|||||
"Никольская улица"|"19-21/1"||||4450|||||
"Шухова улица"|"10"||"2"||4451|||||
"Арбтражный суд"|||||4452|||||
"Садовая-Кудринская улица"|"7"||"8,13"||4453|||||
"Большая Ордынка улица"|"8"||"1,2,3,4"||4454|||||
"Александра Солженицына"|"25"||"1,1А,1Б"||4455|||||
"Садовая-Кудринская улица"|"7"||"22"||4456|||||
"Лубянский проезд"|"25"||"2"||4457|||||
"Покровский бульвар"|"16/10"||"7"||4458|||||
"Арбитражный суд"|||||4459|||||
"Сергия Радонежского улица"|"19"|"корп. 3"|||4460|||||
"Замоскворецкий р-ный"|||||4461|||||
"Мира проспект"|"9"||"1"||4462|||||
"Котельническая набережная"|"1/15"||"корп В"||4463|||||
|||||4464|||||
"Мясницкая улица"|"40"||"5"||4465|||||
"Малахитовая улица, Бажова"|||||4466|||||
"Долина р. Яузы от Малахитовой ул. до Будайскокой"|||||4467|||||
"Станиславского"|"21"||"22"||4468|||||
"Арбитражный суд"|||||4469|||||
"Каланчевский тупик"|||||4470|||||
"Арбитражный суд"|||||4471|||||
"Скаковая улица"|"3"||||4472|||||
"Николоямская улица"|"52"||"1"||4473|||||
"Большая Полянка улица"|"65/74"||"3"||4474|||||
"Чистопрудный бульвар"|"12"||"7"||4475|||||
"Энтузиастов шоссе"|"58"||||4476|||||
"Дубравная улица"|"51"||||4477|||||
"Арбитраж"|||||4478|||||
"Сретенский бульвар"|"6/1"||"2"||4479|||||
"Мосгорсуд"|||||4480|||||
"проезд комсомольской площади"|"12"||||4481|||||
"Нижняя Сыромятническая улица"|"1/4"||||4482|||||
"Арбитражный суд"|||||4483|||||
"Арбитражный суд"|||||4484|||||
"Покровка"|"29"||"1"||4485|||||
"Черепановых проезд"|"28"||||4486|||||
"Рождественка улица"|"6/9/20"||||4487|||||
"Арбитражный суд"|||||4488|||||
"Арбитражный суд"|||||4489|||||
"Фадеева улица"|"5"||||4490|||||
"Троицкий р-ный суд г . Москвы"|||||4491|||||
"Серебрянный переулок"|"4"||"1"||4492|||||
"Столовый переулок"|"7"||"1"||4493|||||
"Арбитраж"|||||4494|||||
"Мясницкая улица"|"15"||||4495|||||
"Арбитражный суд"|||||4496|||||
"Гиляровского улица"|"38"||||4497|||||
"Мира проспект"|"119"||"518"||4498|||||
"Гоголевский бульвар"|"31"||"1,2,3"|"4"|4499|||||
"Дубравная улица"|"51"||||4500|||||
"Коптевский районный суд"|||||4501|||||
"Коптевский районный суд"|||||4502|||||
"Арбитражный суд"|||||4503|||||
"Арбитражный суд"|||||4504|||||
"Арбитражный суд"|||||4505|||||
"Арбитражный суд"|||||4506|||||
"Рождественский бульвар"|"6/9/20"||"1"||4507|||||
"Арбитражный суд"|||||4508|||||
"Газетный переулок"|"9"||"корп 5"||4509|||||
"Хамовничыеский р-ный суд"|||||4510|||||
"Арбитражный суд"|||||4511|||||
"Спасоглинищевский переулок"|||||4512|||||
"Мясницкая улица"|"14/2"||"1,3"||4513|||||
"Арбитражный суд"|||||4514|||||
"проезд Комсомольской площади"|"12"||||4515|||||
"Арбитраж"|||||4516|||||
"Рождественка улица"|"6/9/20"||"1"||4517|||||
"Арбитражный суд нет адреса"|||||4518|||||
"Арбитражный суд"|||||4519|||||
"Арбитражный суд"|||||4520|||||
"Лефортовский р-ный суд"|||||4521|||||
"Мясницкая улица"|"21/8"||"8-9"||4522|||||
"Арбитражный суд"|||||4523|||||
"Вятская улица"|"41А"||||4524|||||
"Кузнецкий Мост улица"|"19"||"1"||4525|||||
"3-й Люсиновский переулок"|"5"||||4526|||||
"Мясницкая улица"|"24/7"||"1"||4527|||||
"Арбитражный суд"|||||4528|||||
"5-й Котельнический переулок"|"1"||"1"||4529|||||
"3-й Люсиновский переулок"|"5"||||4530|||||
"Колпачный переулок"|"6"||||4531|||||
"Арбитражный суд"|||||4532|||||
"Уланский переулок"|"13"||"2"||4533|||||
"Театральный проезд"|"3"||"3"||4534|||||
"Пресненский р-ный"|||||4535|||||
"Мясницкая улица"|"15"||||4536|||||
"Арбитражный суд"|||||4537|||||
"Симоновский р-ный"|||||4538|||||
"Остоженка улица"|"3/14"||||4539|||||
"Покровка улица"|"38"||"5"||4540|||||
"Большой Головин переулок"|"22"||"1"||4541|||||
"Арбитражный суд"|||||4542|||||
"Арбитражный суд"|||||4543|||||
"Китайгородский проезд"|"7"||||4544|||||
"Арбитражный суд нет адреса"|||||4545|||||
"арбитражный суд"|||||4546|||||
"арбитражный суд нет адреса"|||||4547|||||
"Арбитражный суд"|||||4548|||||
"Арбитражный суд"|||||4549|||||
"Пресненский районый суд"|||||4550|||||
"Арбитражный суд"|||||4551|||||
"Арбитражный суд"|||||4552|||||
"Верховный суд РФ"|||||4553|||||
"Дубининская"|"51"||"4"||4554|||||
"Арбитражный"|||||4555|||||
"Арбитражный"|||||4556|||||
"Арбитраж нет адреса"|||||4557|||||
"Сретенский бульвар"|"6/1"||"2"||4558|||||
"Арбитраж нет адреса"|||||4559|||||
"Покровка улица"|"12"||"3"||4560|||||
"Маршала Василевского улица"|"11"||"6"||4561|||||
"Арбитражный суд"|||||4562|||||
"Вятская улица"|"41А"||||4563|||||
"Арбитражный суд нет адреса"|||||4564|||||
"Новый Арбат улица"|"7"||"1"||4565|||||
"Арбитражный суд нет адреса"|||||4566|||||
"1-й Кожевнический переулок"|"6"||||4567|||||
"Пятницкая улица"|"19"||||4568|||||
"Тверская улица"|"12"||"2"||4569|||||
"Малая Дмитровка улица"|"12"||"3"||4570|||||
"2-й Вышеславцев переулок"|"3"||||4571|||||
"Арбитраж нет адреса"|||||4572|||||
"Мясницкая улица"|"7"||"1,2"||4573|||||
"Арбитражный суд"|||||4574|||||
"Арбитраж нет адреса"|||||4575|||||
"Вятская улица"|"41А"||||4576|||||
"Арбитражный суд нет адреса"|||||4577|||||
"Арбитражный суд нет адреса"|||||4578|||||
"Лубянский проезд"|"15"||"2"||4579|||||
"Ленинградское шоссе"|"51-53"||||4580|||||
"Арбитраж нет адреса"|||||4581|||||
"Арбитражный нет адреса"|||||4582|||||
"Гороховский переулок"|"19"||"4"||4583|||||
"Николоямская улица"|"47"||||4584|||||
"Мясницкая улица"|"13"||"3"||4585|||||
"Ленинградский проспект"|"27"||||4586|||||
"Фрунзенская набережная"|"8"||||4587|||||
"Дмитровское шоссе"|"122Г, 122Д"|"корп. 1-18,20,22-33"|||4588|||||
"Рождественская улица"|"6/9/20"||"1"||4589|||||
"Воронцовский парк"|"7"||||4590|||||
"АСМ"|||||4591|||||
"Арбитраж нет адреса"|||||4592|||||
"головинский р-ный суд"|||||4593|||||
"Мясницкая улица"|"8/2"||"1"||4594|||||
"Бакунинская улица"|"81"||"3"||4595|||||
"Гончарная улица"|"12"||"1"||4596|||||
"Большая Никитская улица"|"31"||||4597|||||
"Воронцовский парк"|"1,2"||||4598|||||
"Арбитраж нет адреса"|||||4599|||||
"Арбитраж нет адреса"|||||4600|||||
"Мясницкая улица"|"24/7"||"1"||4601|||||
"Зубовский бульвар"|"15"||"2"||4602|||||
"Пресненский р-ный суд"|||||4603|||||
"Серафимовича улица"|"2"||||4604|||||
"Московский городской суд"|||||4605|||||
"2-й Вышеславцев переулок"|"3"||||4606|||||
"Сретенский бульвар"|"6/1"||"2"||4607|||||
"Арбитражный суд нет адреса"|||||4608|||||
"Кожевническая улица"|"18"||"2"||4609|||||
"Арбитражный суд города Москвы"|||||4610|||||
"Свободный  проспект"|"4"||"6,7"||4611|||||
"Шумкина улица"|"16"||"8"||4612|||||
"Голиковский переулок"|"14/11"||"1"||4613|||||
"Столешников переулок"|"6"||"3"||4614|||||
"Смоленская площадь"|"13/21"||||4615|||||
"Дмитровское шоссе"|"122Г корп 1, 3-11, 122Д корп 1-18,20, 22-33"||||4616|||||
"Арбитраж нет адреса"|||||4617|||||
|||||4618|||||
"Сивцев Вражек переулок"|"15/25"||||4619|||||
"Арбитражный суд"|||||4620|||||
"3-й Лучевой просек"|"12"||"1,6"||4621|||||
"Товарищеский переулок"|"24"||"4"||4622|||||
"Тверской бульвар"|"24"||"1"||4623|||||
"Ленинградский проспект"|"27"||||4624|||||
"Фадеева улица"|"5"||||4625|||||
"Бассманый р-ный суд"|||||4626|||||
"Арбитражный суд без адреса"|||||4627|||||
"Тверской р-ный суд"|||||4628|||||
"Пресненский р-ный"|||||4629|||||
"Пресненский р-ный суд"|||||4630|||||
"Кожевническая улица"|"22"||||4631|||||
"Трехсвятительский пер."|"3"||||4632|||||
"Воронцовская улица"|"4"||"1"||4633|||||
"Сретенский бульвар"|"6"||||4634|||||
"Каретный Ряд улица"|"8"||||4635|||||
"Арбитражный суд"|||||4636|||||
"Хамовнический р-ный суд"|||||4637|||||
"Арбитражный суд"|||||4638|||||
"Московский городской суд"|||||4639|||||
"Трубниковский переулок"|"24"||"1"||4640|||||
"Головинский р-ный суд"|||||4641|||||
"Арбитраж нет адреса"|||||4642|||||
"Арбитражный суд нет адреса"|||||4643|||||
"Варшавское шоссе"|"5"||"1, 2"||4644|||||
"Останкинский р-ный суд (шухова 10, стр. 2)"|||||4645|||||
"Мосреставрация"|||||4646|||||
"Большая Никитская улица"|"22/2"||||4647|||||
"Арбитраж нет адреса"|||||4648|||||
"Арбитраж"|||||4649|||||
"Кировоградская улица"|"12Б"||||4650|||||
"Милютинский переулок"|"18"||"1,2,3,4"||4651|||||
"Пятницкая улица"|"30"||"4"||4652|||||
"Большой Трёхгорный переулок"|"1-1А"||"1"||4653|||||
"Мосгорсуд"|||||4654|||||
"Арбитражный суд"|||||4655|||||
"Арбитражный суд"|||||4656|||||
"Арбитражный суд"|||||4657|||||
"Проезд Комсомольской площади"|"12"||||4658|||||
"Арбитражный суд без адреса"|||||4659|||||
"Арбитражный суд"|||||4660|||||
"Большой Трехгоный пер"|"1/26"||||4661|||||
"Арбитраж"|||||4662|||||
"Мещанский р-ный суд"|||||4663|||||
"Арбитраж нет адреса"|||||4664|||||
"Поварская улица"|"26"||||4665|||||
"Арбитражный суд"|||||4666|||||
"Поварская улица"|"31/29"||"2"||4667|||||
"Арбитраж нет адреса"|||||4668|||||
"Арбитраж нет адреса"|||||4669|||||
"Арбитражный суд без адреса"|||||4670|||||
"Малая Дмитровка улица"|"вл. 16"||||4671|||||
"Лефортовский р-ный суд"|||||4672|||||
"Тверской бульвар"|"18"||"2"||4673|||||
"Пятницкая улица"|"1/2"||"1"||4674|||||
"Арбитраж нет адреса"|||||4675|||||
"Большая Филевская"|"3"||"1А"||4676|||||
"Арбитраж нет адреса"|||||4677|||||
"Колодезный переулок"|"2А"||||4678|||||
"Подсосенский переулок"|"21"||"1"||4679|||||
"Мещанский р-ный суд"|||||4680|||||
"Большая Сухаревская площадь"|"9"||||4681|||||
"Михайловская"|"48"||"2"||4682|||||
"Мясницкая улица"|"24/7"||"2"||4683|||||
"Арбитраж нет адреса"|||||4684|||||
"Арбитраж без адреса"|||||4685|||||
"Поварская улица"|"26"||||4686|||||
"Арбитражный суд без адреса"|||||4687|||||
"Замоскворецкий р-ный суд"|||||4688|||||
"Арбитраж без адреса"|||||4689|||||
"3-й Зачатьевский переулок"|"3"||||4690|||||
"Барышиха улица"|"24"||||4691|||||
"Рождественка улица"|"6/9/20"||"1"||4692|||||
"Вятская улица"|"41А"||||4693|||||
"Покровский бульвар"|"16-18"||"4-4а"||4694|||||
"Арбитраж"|||||4695|||||
"Тверская улица"|"6"||"2"||4696|||||
"Арбитражный без адреса"|||||4697|||||
"1-й Самотёчный переулок"|"17А"||||4698|||||
"Сретенский бульвар"|"6/1"||"2"||4699|||||
"Старые Кузьминки"|"9"||||4700|||||
"Арбитраж без адреса"|||||4701|||||
"Певческий переулок"|"4"||"2"||4702|||||
"Арбитраж без адреса"|||||4703|||||
"Арбитраж без адреса"|||||4704|||||
"Хохловский переулок"|"10"||"6"||4705|||||
"Мира проспект"|"28"||||4706|||||
"Арбитраж без адреса"|||||4707|||||
"Арбитраж без адреса"|||||4708|||||
"Таманская улица"|"2"||"1"||4709|||||
"Арбитражный суд без адреса"|||||4710|||||
"Кудринская площадь"|"1"||||4711|||||
"Солянка улица"|"14"|"3,5,6,7"|||4712|||||
"Саломеи Нерис улица"|"4"||||4713|||||
"Арбитраж без адреса"|||||4714|||||
"Большая Дмитровка улица"|"21/7"||"кв 37"||4715|||||
"Котельническая набережная"|"1/15"||"корп. В"||4716|||||
"Арбитраж без адреса"|||||4717|||||
"Большой Факельный переулок"|"18"||||4718|||||
"Верхняя Радищевская улица"|"8"||"1"||4719|||||
"Арбитраж без адреса"|||||4720|||||
"Рождественка улица"|"6/9/20"||"1"||4721|||||
"Арбитраж нет адреса"|||||4722|||||
"Преображенский Вал улица"|"25А"||"17"||4723|||||
"Арбитраж без адреса"|||||4724|||||
"Котельническая набережная"|"1/15"||"В"||4725|||||
"Скатертный переулок"|"30"||"1"||4726|||||
"Тимура Фрунзе улица"|"11"||"49"||4727|||||
"Максимова улица"|"8"||||4728|||||
"Арбат улица"|"25/36"||||4729|||||
"Арбитражный суд без адреса"|||||4730|||||
"Вятская улица"|"41А"||||4731|||||
"Калошин переулок"|"2/24"||||4732|||||
"Арбитраж без адреса"|||||4733|||||
"Ленинградское шоссе"|"10"||||4734|||||
"Знаменка улица"|"7"||"3"||4735|||||
"Сретенский бульвар"|"6/1"||"2"||4736|||||
"Арбитраж нет адреса"|||||4737|||||
"Петровка улица"|"30/7"||||4738|||||
"Арбитржа нет адреса"|||||4739|||||
"Арбат улица"|"25/36"||||4740|||||
"Пресненский р-ный суд"|||||4741|||||
"Романов переулок"|"3"||"1"||4742|||||
"Арбитражный суд"|||||4743|||||
"Пятницкая 36"|||||4744|||||
"Маросейка улица"|"4/2"||"3"||4745|||||
"Крымский Вал улица"|"9"||"25"||4746|||||
"Арбитражный без адреса"|||||4747|||||
"Арбитраж без адреса"|||||4748|||||
"Арбитраный без адреса"|||||4749|||||
"Арбитраж без адреса"|||||4750|||||
"Арбитражный суд"|||||4751|||||
"Зубовский бульвар"|"27/26"||||4752|||||
"Цветной бульвар"|"5"||||4753|||||
"Садовая-Кудринская улица"|"32"||"2"||4754|||||
"Фадеева улица"|"5"||"1"||4755|||||
"Станиславского"|"21"||"22"||4756|||||
"Крымский Вал улица"|"2"||||4757|||||
"Арбитраж без адреса"|||||4758|||||
"Пятницкая улица"|"6/1"||"8"||4759|||||
"Большой Гнездниковский переулок"|"10"||||4760|||||
"Большая Андроньевская улица"|"7/14"||"1,2,3"||4761|||||
"Мантулинская улица"|"5"||"11"||4762|||||
"Армянский переулок"|"11А/2"||"1А"||4763|||||
"Арбитраж без адреса"|||||4764|||||
"Сретенский бульвар"|"6/1"||"1,2"||4765|||||
"3-й Зачатьевский переулок"|"3"||||4766|||||
"Арбитражный суд"|||||4767|||||
"Пятницкая улица"|"19"||||4768|||||
"Арбитраж без адреса"|||||4769|||||
"Мира проспект"|"119"||"60"||4770|||||
"Арбитражный суд без адреса"|||||4771|||||
"Большая Ордынка улица"|"63"||||4772|||||
"Сретенский бульвар"|"6/1"||"1"||4773|||||
"Арбитраж без адреса"|||||4774|||||
"Знаменка улица"|"7"||"3"||4775|||||
"Большой Дровяной переулок"|"4"||"1"||4776|||||
"Арбитраж без адреса"|||||4777|||||
"Арбитраж без адреса"|||||4778|||||
"Старосадский переулок"|"3"||"3"||4779|||||
"Знаменка улица"|"7"||"3"||4780|||||
"Мароновский переулок"|"22"||"1"||4781|||||
"Крымский Вал улица"|"9"||"22Д"||4782|||||
"Спиридоновка улица"|"22/2"||||4783|||||
"Михалковская улица"|"38"||"3"||4784|||||
"Ольховский тупик"|"6"||"2"||4785|||||
"Мясницкая улица"|"13"||"20"||4786|||||
"1-я Брестская улица"|"60"||"1"||4787|||||
"Новая Басманная улица"|"9"||||4788|||||
"Лефортовкий районный суд"|||||4789|||||
"Лефортовкий районный суд"|||||4790|||||
"Котельническая набережная"|"1/15"||"А (кв.105)"||4791|||||
"Котельническая набережная"|"1/15"||"В (кв. 34)"||4792|||||
"Котельническая набережная"|"1/15"||"А (кв.111)"||4793|||||
"Котельническая набережная"|"1/15"||"А (кв.218)"||4794|||||
"Кусково парк"|||||4795|||||
"Арбитраж без адреса"|||||4796|||||
"Арбат улица"|"28/1"||"1"||4797|||||
"Фрунзенская набережная"|"12"||||4798|||||
"Маршала Новикова улица"|"1,3"||||4799|||||
"Арбитраж без адреса"|||||4800|||||
"Мытная улица"|"52"||||4801|||||
"Большой Демидовский переулок"|"17/1"||"2"||4802|||||
"Столовый переулок"|"7"||"1"||4803|||||
"Мясницкая улица"|"24/7"||"3"||4804|||||
"Пречистенский переулок"|"20"||||4805|||||
"Старосадский переулок"|"3"||"3"||4806|||||
"Арбитраж без адреса"|||||4807|||||
"Спасский тупик"|"4"||||4808|||||
"Арбат улица"|"25/36"||"1"||4809|||||
"Арбитраж без адреса"|||||4810|||||
"Большой Сухаревский переулок"|"23,25"||"1,2"||4811|||||
"Пречистенка улица"|"8"||"1"||4812|||||
"Арбитраж без адреса"|||||4813|||||
"Арбитраж без адреса"|||||4814|||||
"Арбитраж без адреса"|||||4815|||||
"Пятницкая улица"|"6/1"||"8"||4816|||||
"Пятницкая улица"|"36"||||4817|||||
"Большая Никитская улица"|"22/2"||||4818|||||
"Таганская площадь"|"86/1"||"1"||4819|||||
"Мосгорсуд"|||||4820|||||
"Красноказарменная улица"|"3"||"кв. 100-102"||4821|||||
"Пятницкая улица"|"19"||||4822|||||
"Лихов переулок"|"4"||"2"||4823|||||
"Столовый переулок"|"7"||"1"||4824|||||
"Пятницкая улица"|"19"||||4825|||||
"Хамовнический р-ный суд"|||||4826|||||
"Чоботовский проезд ?"|"4"||"1"||4827|||||
"Никитский бульвар"|"12"||||4828|||||
"Маросейка улица"|"6/8"||"1"||4829|||||
"Средний Тишинский переулок"|"5/7"||"1"||4830|||||
"Садовая-Сухаревская улица"|"14"||"1"||4831|||||
"Рудневой улица"|"6"||||4832|||||
"Арбитраж без адреса"|||||4833|||||
"Рождественка улица"|"6/9/20"||||4834|||||
"Петровка улица"|"30/7"||||4835|||||
"Знаменка улица"|"7"||"3"||4836|||||
"Рождественка улица"|"6/9/20"||||4837|||||
"Арбат улица"|"28/1"||"1"||4838|||||
"Маросейка улица"|"2/15"||"1"||4839|||||
"Волхонка улица"|"11"||||4840|||||
"Арбитраж без адреса"|||||4841|||||
"Малый Знаменский переулок"|"3/5"||"4"||4842|||||
"Скатертный переулок"|"4/2"||"2"||4843|||||
"Тимирязевский р-ный"|||||4844|||||
"Фрунзенская набережная"|"12"||||4845|||||
"Маросейка улица"|"2/15"||||4846|||||
"Рождественка улица"|"6/9/20"||||4847|||||
"Сергия Радонежского улица"|"19"||"3"||4848|||||
"Гончарная улица"|"14"||||4849|||||
"Мира проспект"|"22"||||4850|||||
"Пресненский переулок"|||||4851|||||
"Тимирязевский р-ный"|||||4852|||||
"Пятницкая улица"|"1/2"||"1"||4853|||||
"Спиридоновка улица"|"30/1"||||4854|||||
"Подсосенский переулок"|"23"||"4"||4855|||||
"Арбитраж без адреса"|||||4856|||||
"Арбитраж без адреса"|||||4857|||||
"Арбитраж без адреса"|||||4858|||||
"Подсосенский переулок"|"23"||"8"||4859|||||
"Хромова улица"|"40"||||4860|||||
"Хитровский переулок"|"3/1"||"2"||4861|||||
"Арбат улица"|"25/36"||||4862|||||
"Подкопаевский переулок"|"2/6"||"1"||4863|||||
"Арбитраж без адреса"|||||4864|||||
"Пресненский р-ный суд"|||||4865|||||
"2-й Верхний Михайловский проезд"|"2"||||4866|||||
"Покровка улица"|"17"||"1"||4867|||||
"Коробейников переулок"|"1"||"5"||4868|||||
"Бакунинская улица"|"38-42"||"1"||4869|||||
"Покровка улица"|"17"||"1"||4870|||||
"Авиамоторная улица"|"63"||"1"||4871|||||
"Кузнецкий Мост улица"|"3"||"2"||4872|||||
"Колпачный переулок"|"6"||"2"||4873|||||
"Котельническая набережная"|"1/15"||"А"||4874|||||
"Таганская улица"|"24"||"1"||4875|||||
"Тверской р-ный суд(мосгорсуд)"|||||4876|||||
"Александра Солженицина"|||||4877|||||
"Сретенский бульвар"|"6/1"||"2"||4878|||||
"Новокузнецкая улица"|"40, 42"||"1,2"||4879|||||
"Мира проспект"|"102"||"корп. 36"||4880|||||
"Петроверигский переулок"|"6-8-10"||"1"||4881|||||
"Арбитраж без адреса"|||||4882|||||
"Фрунзенская набережная"|"12"||||4883|||||
"Арбитраж нет адреса"|||||4884|||||
"Космодамианская набережная"|"28"||"1"||4885|||||
"Подкопаевский переулок"|"8/13/5"||||4886|||||
"Арбитраж без Адреса"|||||4887|||||
"Малый Знаменский переулок"|"3/5"||"4,7"||4888|||||
"Хамовнический р-ный суд"|||||4889|||||
"Пресненский р-ный"|||||4890|||||
"Мещанский р-ный"|||||4891|||||
"Фрунзенская набережная"|"12"||||4892|||||
"Арбитраж без адреса"|||||4893|||||
"Арбитражный суд"|||||4894|||||
"Каретный Ряд улица"|"3"||||4895|||||
"Садовая-Самотёчная улица"|"20"||"1"||4896|||||
"Старая Басманная улица"|"15А"||"4"||4897|||||
"Арбитраж без адреса"|||||4898|||||
"Володарского"|"12"||"1"||4899|||||
"Мясницкая улица"|"15"||||4900|||||
"Покровка улица"|"17"||"1"||4901|||||
"Арбитраж без Адреса"|||||4902|||||
"Лефортовский р-ный суд"|||||4903|||||
"Подольский р-н сп Рязановское, с. Остафьево"|||||4904|||||
"Каретный Ряд улица"|"3"||"7"||4905|||||
"Арбитраж без адреса"|||||4906|||||
"Спиридоновка улица"|"22/2"||||4907|||||
"Арбитраж без адреса"|||||4908|||||
"Каретный Ряд улица"|"8"||||4909|||||
"Серафимовича улица"|"2"||||4910|||||
"Волоколамское шоссе"|"52"||||4911|||||
"Новинский бульвар"|"11"||||4912|||||
"Михалковская улица"|"48"||"2"||4913|||||
"Арбитраж без Адреса"|||||4914|||||
"Малая Якиманка улица"|"24"||||4915|||||
"Преображенский Вал улица"|"25"||"1,2,3,4"||4916|||||
"Мещанский р-ный суд"|||||4917|||||
"Колпачный переулок"|"4"||"3"||4918|||||
"Мосгорсуд"|||||4919|||||
"Арбитраж без адреса"|||||4920|||||
"Воронцовская улица"|"19А"||"1"||4921|||||
"Арбитраж без адреса"|||||4922|||||
"Арбитраж без адреса"|||||4923|||||
"Кожевническая улица"|"19"||"6"||4924|||||
"Серафимовича улица"|"2"||||4925|||||
"Хорошевский районный суд"|||||4926|||||
"Арбитраж без адреса"|||||4927|||||
"Хамовничекий без адреса"|||||4928|||||
"Арбитраж без адреса"|||||4929|||||
"Замоскворецкий р-ный"|||||4930|||||
"Садовническая улица"|"10"||"1"||4931|||||
"Большая Серпуховская улица"|"27"||"1"||4932|||||
"Леонтьевский переулок"|"2/26"||"1"||4933|||||
"Арбитражный"|||||4987|||||
"Еропкинский переулок"|"16"||||4988|||||
"Вишняковский переулок"|"15"||"3"||4989|||||
"Фридриха Энгельса улица"|"23"||"3"||4990|||||
"АСМ"|||||4991|||||
"Басманный р-ный"|||||4992|||||
"Бауманская улица"|"44"||"1"||4993|||||
"Киевский, Белорусский вокзалы"|||||4994|||||
"Большая Ордынка улица"|"34"||||4995|||||
"Большой Спасоглинищевский переулок"|"9/1"||"16"||4996|||||
"Кожевническая улица"|"22"||||4997|||||
"Пятницкая улица"|"1/2"||"1"||4998|||||
"Малый Власьевский переулок"|"2/18"||"3"||4999|||||
"Арбитражный (уточнить)"|||||5000|||||
"Рождественка улица"|"52"||||5001|||||
"Арбитражный суд"|||||5002|||||
"останкинский р-ный"|||||5003|||||
"Товарищеский переулок"|"3"||||5004|||||
"Лестева улица"|"19"|"корп1"|"кв. 19"||5005|||||
"Малая Ордынка улица"|"18"||"1,2"||5006|||||
"Бауманская улица"|"44"||"1"||5007|||||
"Скаковая улица"|"3"||||5008|||||
"Миусская площадь"|"6"||"7"||5009|||||
"Арбитраж без адреса"|||||5010|||||
"Кожевническая улица"|"19"||"6"||5011|||||
"Арбитраж без адреса"|||||5012|||||
"Дмитровское шоссе"|"165"||||5013|||||
"усадьба Щербинка"|||||5014|||||
"Крутицкая улица"|"13"||||5015|||||
"Арбитраж"|||||5016|||||
"Скаковая улица"|"3"||||5017|||||
"Дмитровское шоссе"|"165"||||5018|||||
"Вятская улица"|"41А"||||5019|||||
"Садова-спасская ул"|"1/2"||"4"||5020|||||
"Плющиха улица"|"64/6"||"1,2"||5021|||||
"Маросейка улица"|"4/2"||"1"||5022|||||
"Хамовнический р-ный"|||||5023|||||
"Остоженка улица"|"37/7"||"3"||5024|||||
"Большая Дмитровка улица"|"9"||"1"||5025|||||
"Арбитражный суд"|||||5026|||||
"Кузнецкий Мост улица"|"3"||"2"||5027|||||
"Мясницкая улица"|"18"||"1"||5028|||||
|||||5029|||||
"Поленова улица"|"3"||||5030|||||
"Сретенский бульвар"|"6/1"||"1"||5031|||||
"Покровка улица"|"27"||"1"||5032|||||
"Юности улица"|"2"||"5"||4934|||||
"Спиридоновка улица"|"22/2"||||4935|||||
"Старые Кузьминки"|"6"||||4936|||||
"Спартаковская улица"|"3"||"3"||4937|||||
"Деревня Сатино-русское"|"12"||||4938|||||
"Смоленская улица"|"13/21"||||4939|||||
"Старомонетный переулок"|"9"||"1"||4940|||||
"Колодезный переулок"|"2а"||"2"||4941|||||
"Сергия Радонежского улица"|"1/2"||"1"||4942|||||
"Арбитражный суд"|||||4943|||||
"Кудринская площадь"|"1А"||||4944|||||
"Старомонетный переулок"|"9"||"1"||4945|||||
"Романов переулок"|"7"||||4946|||||
"Бауманская улица"|"36"||||4947|||||
"Олсуфьевский переулок"|"6"||"3,4"||4948|||||
"Госпитальная улица"|"1/10"||||4949|||||
"Большой Дровяной переулок"|"10"||||4950|||||
"Гвастелло"|"42"||||4951|||||
"Еропкинский переулок"|"16"||"1"||4952|||||
"Мясницкая улица"|"24/7"||"1"||4953|||||
"Арбитраж"|||||4954|||||
"Арбитражный суд"|||||4955|||||
"Таганский р-нывй суд"|||||4956|||||
"Еропкинский переулок"|"16"||||4957|||||
"Покровка улица"|"17"||"1"||4958|||||
"Большой Козловский переулок"|"13/17"||||4959|||||
"Пятницкая улица"|"48"||"4"||4960|||||
"Никольская улица"|"7-9"||"1,2,5"||4961|||||
"Арбитраж без адреса"|||||4962|||||
"Большая Ордынка улица"|"7"||"2"||4963|||||
"Тверская улица"|"14"||||4964|||||
"Пятницкая улица"|"15"||||4965|||||
"Селезневская ул"|"11"||"2,3а"||4966|||||
"Большая Ордынка улица"|"34"||||4967|||||
"2-я Тверская-Ямская улица"|"2"||||4968|||||
"Арбитраж"|||||4969|||||
"Чаплыгина улица"|"6"||||4970|||||
"Таганский р-ный"|||||4971|||||
"д. Милюково, ул. Монастырская,"|||" 20"||4972|||||
"Арбитраж"|||||4973|||||
"Мясницкая улица"|"24/7"||"1"||4974|||||
"Покровка улица"|"17"||||4975|||||
"Еропкинский переулок"|"16"||||4976|||||
"Бакунинская улица"|"81/55"||"1,4,5"||4977|||||
"Кожевническая улица"|"22"||||4978|||||
"Арбитражный дебиторка"|||||4979|||||
"Кропоткинский переулок"|"10"||"1"||4980|||||
"Покровка улица"|"17"||"1"||4981|||||
"Старая Басманная улица"|"12"||"3"||4982|||||
"Арбитражный"|||||4983|||||
"Иваньковское шоссе"|"вл. 8"||"2,7,10,11,15,16,17,лит.А"||4984|||||
"Большая Дмитровка улица"|"18"||||4985|||||
"Новая Басманная улица"|"13/2"||"1"||4986|||||
